Length,Width,Freq [GHz],S11,S21,,,,,,,,
60,15,5,-75.02926517,-94.49807743,,,,,,,,
60,15,5.2,-75.05515586,-93.20167695,,,,,,,,
60,15,5.4,-75.07501574,-91.83505809,,,,,,,,7.63x10^3
60,15,5.6,-75.08733109,-90.39503862,,,,,,,,5.18x10^4
60,15,5.8,-75.09031974,-88.87805372,,,,,,,,
60,15,6,-75.08187599,-87.28009361,,,,,,,,
60,15,6.2,-75.05950199,-85.59662709,,,,,,,,
60,15,6.4,-75.0202219,-83.82250671,,,,,,,,
60,15,6.6,-74.9604734,-81.95184998,,,,,,,,
60,15,6.8,-74.87596916,-79.97788879,,,,,,,,
60,15,7,-74.76151835,-77.89277584,,,,,,,,
60,15,7.2,-74.61079318,-75.68733227,,,,,,,,
60,15,7.4,-74.41601928,-73.35071273,,,,,,,,
60,15,7.6,-74.16755712,-70.86995243,,,,,,,,
60,15,7.8,-73.85332361,-68.22934063,,,,,,,,
60,15,8,-73.45797056,-65.40953161,,,,,,,,
60,15,8.2,-72.96167761,-62.38624412,,,,,,,,
60,15,8.4,-72.33830201,-59.12828873,,,,,,,,
60,15,8.6,-71.55238752,-55.59444114,,,,,,,,
60,15,8.8,-70.55399223,-51.72820801,,,,,,,,
60,15,9,-69.26893841,-47.44842992,,,,,,,,
60,15,9.2,-67.57822569,-42.63076522,,,,,,,,
60,15,9.4,-65.26722403,-37.06610109,,,,,,,,
60,15,9.6,-61.86720992,-30.34628864,,,,,,,,
60,15,9.8,-55.90225369,-21.41002915,,,,,,,,
60,15,10,-28.10002104,-0.006731607,,,,,,,,
60,18,5,-77.68404589,-72.74836852,,,,,,,,
60,18,5.2,-77.80058674,-71.05558068,,,,,,,,
60,18,5.4,-77.91245293,-69.25259926,,,,,,,,
60,18,5.6,-78.0165913,-67.33057595,,,,,,,,
60,18,5.8,-78.1089369,-65.27900053,,,,,,,,
60,18,6,-78.18398962,-63.08523926,,,,,,,,
60,18,6.2,-78.23416487,-60.73389138,,,,,,,,
60,18,6.4,-78.24876747,-58.20586743,,,,,,,,
60,18,6.6,-78.21231427,-55.47702623,,,,,,,,
60,18,6.8,-78.10168333,-52.51607968,,,,,,,,
60,18,7,-77.88104503,-49.28121724,,,,,,,,
60,18,7.2,-77.4923496,-45.71433649,,,,,,,,
60,18,7.4,-76.83624148,-41.73039809,,,,,,,,
60,18,7.6,-75.73023245,-37.19564588,,,,,,,,
60,18,7.8,-73.80436796,-31.87587612,,,,,,,,
60,18,8,-70.17540573,-25.28029867,,,,,,,,
60,18,8.2,-61.73523043,-15.89287576,,,,,,,,
60,18,8.4,-47.77861028,-7.24E-05,,,,,,,,
60,18,8.6,-59.29968783,-5.10E-06,,,,,,,,
60,18,8.8,-68.12396069,-6.69E-07,,,,,,,,
60,18,9,-79.0462018,-5.41E-08,,,,,,,,
60,18,9.2,-82.78146121,-2.29E-08,,,,,,,,
60,18,9.4,-76.11293871,-1.06E-07,,,,,,,,
60,18,9.6,-73.58520148,-1.90E-07,,,,,,,,
60,18,9.8,-72.77474495,-2.29E-07,,,,,,,,
60,18,10,-73.0917365,-2.13E-07,,,,,,,,
60,21,5,-81.33949518,-55.6427535,,,,,,,,
60,21,5.2,-81.47545194,-53.41102317,,,,,,,,
60,21,5.4,-81.58001677,-50.98840673,,,,,,,,
60,21,5.6,-81.63481739,-48.34622275,,,,,,,,
60,21,5.8,-81.6105432,-45.44619804,,,,,,,,
60,21,6,-81.45807102,-42.23526121,,,,,,,,
60,21,6.2,-81.08996668,-38.63598224,,,,,,,,
60,21,6.4,-80.33850896,-34.5271377,,,,,,,,
60,21,6.6,-78.84893954,-29.69798862,,,,,,,,
60,21,6.8,-75.75276767,-23.71248555,,,,,,,,
60,21,7,-68.10732563,-15.26625875,,,,,,,,
60,21,7.2,-52.56471731,-2.41E-05,,,,,,,,
60,21,7.4,-63.20463599,-2.08E-06,,,,,,,,
60,21,7.6,-69.27420926,-5.13E-07,,,,,,,,
60,21,7.8,-73.4924705,-1.94E-07,,,,,,,,
60,21,8,-76.14010915,-1.06E-07,,,,,,,,
60,21,8.2,-77.83802667,-7.14E-08,,,,,,,,
60,21,8.4,-79.66550382,-4.69E-08,,,,,,,,
60,21,8.6,-82.68537909,-2.34E-08,,,,,,,,
60,21,8.8,-89.06658409,-5.38E-09,,,,,,,,
60,21,9,-97.11327208,-8.44E-10,,,,,,,,
60,21,9.2,-84.11168012,-1.69E-08,,,,,,,,
60,21,9.4,-78.75534616,-5.78E-08,,,,,,,,
60,21,9.6,-75.39012778,-1.26E-07,,,,,,,,
60,21,9.8,-72.95581886,-2.20E-07,,,,,,,,
60,21,10,-71.05199187,-3.41E-07,,,,,,,,
60,24,5,-83.51174713,-40.88261152,,,,,,,,
60,24,5.2,-82.89420773,-37.78915654,,,,,,,,
60,24,5.4,-81.97770372,-34.27989636,,,,,,,,
60,24,5.6,-80.57677134,-30.21028087,,,,,,,,
60,24,5.8,-78.2966978,-25.3114602,,,,,,,,
60,24,6,-74.04201112,-18.9509498,,,,,,,,
60,24,6.2,-61.23333104,-8.250272076,,,,,,,,
60,24,6.4,-63.67860132,-1.86E-06,,,,,,,,
60,24,6.6,-71.91920718,-2.79E-07,,,,,,,,
60,24,6.8,-76.37709911,-1.00E-07,,,,,,,,
60,24,7,-77.26628422,-8.15E-08,,,,,,,,
60,24,7.2,-76.6110578,-9.48E-08,,,,,,,,
60,24,7.4,-75.72030249,-1.16E-07,,,,,,,,
60,24,7.6,-74.96349912,-1.38E-07,,,,,,,,
60,24,7.8,-74.4209252,-1.57E-07,,,,,,,,
60,24,8,-74.10024415,-1.69E-07,,,,,,,,
60,24,8.2,-73.99523668,-1.73E-07,,,,,,,,
60,24,8.4,-74.10339597,-1.69E-07,,,,,,,,
60,24,8.6,-74.43210398,-1.57E-07,,,,,,,,
60,24,8.8,-75.00125224,-1.37E-07,,,,,,,,
60,24,9,-75.8450232,-1.13E-07,,,,,,,,
60,24,9.2,-77.01028244,-8.64E-08,,,,,,,,
60,24,9.4,-78.53389062,-6.09E-08,,,,,,,,
60,24,9.6,-80.3156314,-4.04E-08,,,,,,,,
60,24,9.8,-81.65397824,-2.97E-08,,,,,,,,
60,24,10,-81.07878044,-3.39E-08,,,,,,,,
60,27,5,-65.39244795,-26.36241207,,,,,,,,
60,27,5.2,-63.1538319,-21.25425438,,,,,,,,
60,27,5.4,-57.86197917,-14.10686592,,,,,,,,
60,27,5.6,-45.29550574,-0.000128304,,,,,,,,
60,27,5.8,-66.01722792,-1.09E-06,,,,,,,,
60,27,6,-64.95440794,-1.39E-06,,,,,,,,
60,27,6.2,-60.28713169,-4.07E-06,,,,,,,,
60,27,6.4,-58.58335748,-6.02E-06,,,,,,,,
60,27,6.6,-57.56218094,-7.61E-06,,,,,,,,
60,27,6.8,-56.72556236,-9.23E-06,,,,,,,,
60,27,7,-55.95170893,-1.10E-05,,,,,,,,
60,27,7.2,-55.24182238,-1.30E-05,,,,,,,,
60,27,7.4,-54.63738725,-1.49E-05,,,,,,,,
60,27,7.6,-54.19154312,-1.65E-05,,,,,,,,
60,27,7.8,-53.96504455,-1.74E-05,,,,,,,,
60,27,8,-54.03543496,-1.71E-05,,,,,,,,
60,27,8.2,-54.51707954,-1.53E-05,,,,,,,,
60,27,8.4,-55.5966545,-1.20E-05,,,,,,,,
60,27,8.6,-57.57519755,-7.59E-06,,,,,,,,
60,27,8.8,-60.50247429,-3.87E-06,,,,,,,,
60,27,9,-60.33786099,-4.02E-06,,,,,,,,
60,27,9.2,-55.20757681,-1.31E-05,,,,,,,,
60,27,9.4,-50.59973157,-3.78E-05,,,,,,,,
60,27,9.6,-47.0437013,-8.58E-05,,,,,,,,
60,27,9.8,-44.23698656,-0.000163717,,,,,,,,
60,27,10,-41.97962032,-0.000275319,,,,,,,,
80,15,5,-76.86219372,-126.038769,,,,,,,,
80,15,5.2,-76.94022595,-124.3087417,,,,,,,,
80,15,5.4,-77.01703057,-122.4850266,,,,,,,,
80,15,5.6,-77.09169605,-120.5633807,,,,,,,,
80,15,5.8,-77.16315003,-118.5390507,,,,,,,,
80,15,6,-77.23012446,-116.4066903,,,,,,,,
80,15,6.2,-77.29111066,-114.1602576,,,,,,,,
80,15,6.4,-77.34430069,-111.7928893,,,,,,,,
80,15,6.6,-77.38750955,-109.2967419,,,,,,,,
80,15,6.8,-77.41807021,-106.6627907,,,,,,,,
80,15,7,-77.43268925,-103.8805721,,,,,,,,
80,15,7.2,-77.42724435,-100.9378466,,,,,,,,
80,15,7.4,-77.39649418,-97.82015198,,,,,,,,
80,15,7.6,-77.33365301,-94.51019909,,,,,,,,
80,15,7.8,-77.22975115,-90.98703606,,,,,,,,
80,15,8,-77.07264689,-87.22486194,,,,,,,,
80,15,8.2,-76.84545289,-83.19129132,,,,,,,,
80,15,8.4,-76.52394283,-78.84472171,,,,,,,,
80,15,8.6,-76.07210512,-74.13016047,,,,,,,,
80,15,8.8,-75.43415246,-68.9722379,,,,,,,,
80,15,9,-74.51929392,-63.26266117,,,,,,,,
80,15,9.2,-73.17034472,-56.83548765,,,,,,,,
80,15,9.4,-71.0910418,-49.41156756,,,,,,,,
80,15,9.6,-67.64086276,-40.44581766,,,,,,,,
80,15,9.8,-60.96334515,-28.51956404,,,,,,,,
80,15,10,-29.51299839,-0.004861021,,,,,,,,
80,18,5,-75.28806305,-97.00016887,,,,,,,,
80,18,5.2,-75.32950564,-94.74269831,,,,,,,,
80,18,5.4,-75.35592146,-92.33831847,,,,,,,,
80,18,5.6,-75.36252195,-89.77523961,,,,,,,,
80,18,5.8,-75.34317199,-87.03945784,,,,,,,,
80,18,6,-75.28990523,-84.11414017,,,,,,,,
80,18,6.2,-75.19221057,-80.97876724,,,,,,,,
80,18,6.4,-75.03594956,-77.60790552,,,,,,,,
80,18,6.6,-74.80165469,-73.96939152,,,,,,,,
80,18,6.8,-74.46174233,-70.02154102,,,,,,,,
80,18,7,-73.97571832,-65.70865296,,,,,,,,
80,18,7.2,-73.28142326,-60.95332548,,,,,,,,
80,18,7.4,-72.27779205,-55.64228036,,,,,,,,
80,18,7.6,-70.78728974,-49.59736436,,,,,,,,
80,18,7.8,-68.4610442,-42.50669171,,,,,,,,
80,18,8,-64.47231285,-33.71690956,,,,,,,,
80,18,8.2,-55.82674365,-21.2117526,,,,,,,,
80,18,8.4,-42.26130444,-0.000258028,,,,,,,,
80,18,8.6,-57.06302157,-8.54E-06,,,,,,,,
80,18,8.8,-69.95899742,-4.38E-07,,,,,,,,
80,18,9,-68.06438973,-6.78E-07,,,,,,,,
80,18,9.2,-65.24376212,-1.30E-06,,,,,,,,
80,18,9.4,-64.24656379,-1.63E-06,,,,,,,,
80,18,9.6,-64.48133146,-1.55E-06,,,,,,,,
80,18,9.8,-65.82785077,-1.14E-06,,,,,,,,
80,18,10,-67.62311719,-7.51E-07,,,,,,,,
80,21,5,-82.24666343,-74.1908499,,,,,,,,
80,21,5.2,-82.46526103,-71.21482605,,,,,,,,
80,21,5.4,-82.6931942,-67.98425516,,,,,,,,
80,21,5.6,-82.92971863,-64.46088476,,,,,,,,
80,21,5.8,-83.17239181,-60.59366782,,,,,,,,
80,21,6,-83.41415075,-56.31181696,,,,,,,,
80,21,6.2,-83.63489856,-51.51204886,,,,,,,,
80,21,6.4,-83.77494112,-46.03265182,,,,,,,,
80,21,6.6,-83.6395125,-39.59246695,,,,,,,,
80,21,6.8,-82.49050948,-31.60961213,,,,,,,,
80,21,7,-76.78115648,-20.34253374,,,,,,,,
80,21,7.2,-60.94760614,-3.49E-06,,,,,,,,
80,21,7.4,-75.68884814,-1.17E-07,,,,,,,,
80,21,7.6,-67.82549345,-7.17E-07,,,,,,,,
80,21,7.8,-65.71452903,-1.17E-06,,,,,,,,
80,21,8,-65.24633487,-1.30E-06,,,,,,,,
80,21,8.2,-65.3467558,-1.27E-06,,,,,,,,
80,21,8.4,-65.47688371,-1.23E-06,,,,,,,,
80,21,8.6,-65.46301757,-1.23E-06,,,,,,,,
80,21,8.8,-65.42107994,-1.25E-06,,,,,,,,
80,21,9,-65.55321351,-1.21E-06,,,,,,,,
80,21,9.2,-66.02199666,-1.09E-06,,,,,,,,
80,21,9.4,-66.95074332,-8.76E-07,,,,,,,,
80,21,9.6,-68.47670803,-6.17E-07,,,,,,,,
80,21,9.8,-70.84711785,-3.57E-07,,,,,,,,
80,21,10,-74.69529017,-1.47E-07,,,,,,,,
80,24,5,-75.28935003,-54.49666978,,,,,,,,
80,24,5.2,-74.67783028,-50.37310208,,,,,,,,
80,24,5.4,-73.79385949,-45.69527977,,,,,,,,
80,24,5.6,-72.48814732,-40.2705428,,,,,,,,
80,24,5.8,-70.45098144,-33.74056735,,,,,,,,
80,24,6,-66.82456932,-25.26240614,,,,,,,,
80,24,6.2,-56.08585403,-11.00044595,,,,,,,,
80,24,6.4,-61.52249587,-3.06E-06,,,,,,,,
80,24,6.6,-64.96801278,-1.38E-06,,,,,,,,
80,24,6.8,-70.7543934,-3.65E-07,,,,,,,,
80,24,7,-66.94357812,-8.78E-07,,,,,,,,
80,24,7.2,-63.99473619,-1.73E-06,,,,,,,,
80,24,7.4,-62.9060213,-2.22E-06,,,,,,,,
80,24,7.6,-62.50057948,-2.44E-06,,,,,,,,
80,24,7.8,-62.03414919,-2.72E-06,,,,,,,,
80,24,8,-61.25607331,-3.25E-06,,,,,,,,
80,24,8.2,-60.33807883,-4.02E-06,,,,,,,,
80,24,8.4,-59.51161714,-4.86E-06,,,,,,,,
80,24,8.6,-58.89102911,-5.61E-06,,,,,,,,
80,24,8.8,-58.5095639,-6.12E-06,,,,,,,,
80,24,9,-58.38726696,-6.30E-06,,,,,,,,
80,24,9.2,-58.57045879,-6.04E-06,,,,,,,,
80,24,9.4,-59.13895647,-5.30E-06,,,,,,,,
80,24,9.6,-60.16800468,-4.18E-06,,,,,,,,
80,24,9.8,-61.5374662,-3.05E-06,,,,,,,,
80,24,10,-62.3169904,-2.55E-06,,,,,,,,
80,27,5,-87.28806891,-35.13918682,,,,,,,,
80,27,5.2,-85.55026473,-28.3213423,,,,,,,,
80,27,5.4,-81.02171481,-18.77418052,,,,,,,,
80,27,5.6,-71.25817366,-3.25E-07,,,,,,,,
80,27,5.8,-80.54725687,-3.83E-08,,,,,,,,
80,27,6,-77.22123847,-8.23E-08,,,,,,,,
80,27,6.2,-76.5636109,-9.58E-08,,,,,,,,
80,27,6.4,-76.14833641,-1.05E-07,,,,,,,,
80,27,6.6,-75.90809847,-1.11E-07,,,,,,,,
80,27,6.8,-75.99582399,-1.09E-07,,,,,,,,
80,27,7,-76.45858865,-9.82E-08,,,,,,,,
80,27,7.2,-77.09652864,-8.47E-08,,,,,,,,
80,27,7.4,-77.23722788,-8.20E-08,,,,,,,,
80,27,7.6,-76.0990863,-1.07E-07,,,,,,,,
80,27,7.8,-73.98402084,-1.74E-07,,,,,,,,
80,27,8,-71.74610845,-2.91E-07,,,,,,,,
80,27,8.2,-69.81734852,-4.53E-07,,,,,,,,
80,27,8.4,-68.31033889,-6.41E-07,,,,,,,,
80,27,8.6,-67.24104873,-8.20E-07,,,,,,,,
80,27,8.8,-66.61521192,-9.47E-07,,,,,,,,
80,27,9,-66.45604507,-9.82E-07,,,,,,,,
80,27,9.2,-66.81750754,-9.04E-07,,,,,,,,
80,27,9.4,-67.79529874,-7.21E-07,,,,,,,,
80,27,9.6,-69.51123181,-4.86E-07,,,,,,,,
80,27,9.8,-71.81668429,-2.86E-07,,,,,,,,
80,27,10,-72.69773491,-2.33E-07,,,,,,,,
100,15,5,-52.21824042,-155.9604456,,,,,,,,
100,15,5.2,-52.37477411,-153.7953968,,,,,,,,
100,15,5.4,-52.53591216,-151.5138583,,,,,,,,
100,15,5.6,-52.70107558,-149.1106486,,,,,,,,
100,15,5.8,-52.86953569,-146.5799621,,,,,,,,
100,15,6,-53.04037957,-143.915267,,,,,,,,
100,15,6.2,-53.21246732,-141.1091796,,,,,,,,
100,15,6.4,-53.38437881,-138.1533083,,,,,,,,
100,15,6.6,-53.55434711,-135.0380587,,,,,,,,
100,15,6.8,-53.72017428,-131.752385,,,,,,,,
100,15,7,-53.87912392,-128.2834718,,,,,,,,
100,15,7.2,-54.02778192,-124.6163175,,,,,,,,
100,15,7.4,-54.16187223,-120.7331817,,,,,,,,
100,15,7.6,-54.27600685,-116.6128372,,,,,,,,
100,15,7.8,-54.36333437,-112.2295343,,,,,,,,
100,15,8,-54.41502483,-107.5515292,,,,,,,,
100,15,8.2,-54.41947533,-102.5389295,,,,,,,,
100,15,8.4,-54.36101346,-97.14042112,,,,,,,,
100,15,8.6,-54.2176465,-91.28807259,,,,,,,,
100,15,8.8,-53.95689389,-84.88861973,,,,,,,,
100,15,9,-53.52753196,-77.80778014,,,,,,,,
100,15,9.2,-52.84204026,-69.8392429,,,,,,,,
100,15,9.4,-51.73648314,-60.63468244,,,,,,,,
100,15,9.6,-49.87514073,-49.50997852,,,,,,,,
100,15,9.8,-46.65002453,-34.66254199,,,,,,,,
100,15,10,-11.45926681,-0.32200176,,,,,,,,
100,18,5,-60.77319925,-121.0168002,,,,,,,,
100,18,5.2,-60.65931451,-118.203503,,,,,,,,
100,18,5.4,-60.51965834,-115.2063764,,,,,,,,
100,18,5.6,-60.34973164,-112.0108087,,,,,,,,
100,18,5.8,-60.14408512,-108.5994746,,,,,,,,
100,18,6,-59.89597608,-104.951581,,,,,,,,
100,18,6.2,-59.59683657,-101.0418138,,,,,,,,
100,18,6.4,-59.23542131,-96.83883152,,,,,,,,
100,18,6.6,-58.79639354,-92.30303719,,,,,,,,
100,18,6.8,-58.25788562,-87.38315734,,,,,,,,
100,18,7,-57.58710453,-82.01073615,,,,,,,,
100,18,7.2,-56.73200479,-76.09074047,,,,,,,,
100,18,7.4,-55.60449882,-69.4842655,,,,,,,,
100,18,7.6,-54.04368968,-61.97326707,,,,,,,,
100,18,7.8,-51.72450509,-53.17722404,,,,,,,,
100,18,8,-47.86967492,-42.30386046,,,,,,,,
100,18,8.2,-39.62049609,-26.94958522,,,,,,,,
100,18,8.4,-27.44931566,-0.007820666,,,,,,,,
100,18,8.6,-32.67486716,-0.002346469,,,,,,,,
100,18,8.8,-30.97384152,-0.003471952,,,,,,,,
100,18,9,-30.52184468,-0.003852942,,,,,,,,
100,18,9.2,-30.74630109,-0.003658787,,,,,,,,
100,18,9.4,-31.01916256,-0.003435895,,,,,,,,
100,18,9.6,-29.74272193,-0.004610443,,,,,,,,
100,18,9.8,-27.21334933,-0.008257759,,,,,,,,
100,18,10,-24.91861191,-0.014015988,,,,,,,,
100,21,5,-56.19089244,-92.71256613,,,,,,,,
100,21,5.2,-56.27284274,-88.99782916,,,,,,,,
100,21,5.4,-56.2981113,-84.96685943,,,,,,,,
100,21,5.6,-56.23897325,-80.57242993,,,,,,,,
100,21,5.8,-56.05399141,-75.75156721,,,,,,,,
100,21,6,-55.67938961,-70.41703691,,,,,,,,
100,21,6.2,-55.01302491,-64.44174451,,,,,,,,
100,21,6.4,-53.88131203,-57.62712601,,,,,,,,
100,21,6.6,-51.95835774,-49.62914316,,,,,,,,
100,21,6.8,-48.50318682,-39.74031774,,,,,,,,
100,21,7,-40.87025009,-25.8783028,,,,,,,,
100,21,7.2,-25.56697234,-0.012069532,,,,,,,,
100,21,7.4,-42.23371259,-0.000259673,,,,,,,,
100,21,7.6,-41.26479545,-0.000324579,,,,,,,,
100,21,7.8,-41.82583772,-0.000285243,,,,,,,,
100,21,8,-37.82422419,-0.0007168,,,,,,,,
100,21,8.2,-35.16801259,-0.001321445,,,,,,,,
100,21,8.4,-33.93506519,-0.001755357,,,,,,,,
100,21,8.6,-33.75922341,-0.001827904,,,,,,,,
100,21,8.8,-34.56621019,-0.001517886,,,,,,,,
100,21,9,-36.58451887,-0.00095363,,,,,,,,
100,21,9.2,-40.70033078,-0.000369632,,,,,,,,
100,21,9.4,-51.42192354,-3.13E-05,,,,,,,,
100,21,9.6,-45.09936498,-0.000134232,,,,,,,,
100,21,9.8,-37.87089961,-0.000709136,,,,,,,,
100,21,10,-34.39470081,-0.00157904,,,,,,,,
100,24,5,-57.02370008,-68.16384491,,,,,,,,
100,24,5.2,-56.67324085,-63.01286498,,,,,,,,
100,24,5.4,-56.04374722,-57.17452663,,,,,,,,
100,24,5.6,-54.89919397,-50.41132839,,,,,,,,
100,24,5.8,-52.70723998,-42.28273127,,,,,,,,
100,24,6,-48.02377914,-31.75839796,,,,,,,,
100,24,6.2,-33.28847294,-14.27431021,,,,,,,,
100,24,6.4,-34.33210621,-0.001601968,,,,,,,,
100,24,6.6,-39.09302985,-0.00053519,,,,,,,,
100,24,6.8,-41.00552921,-0.000344547,,,,,,,,
100,24,7,-41.8390922,-0.000284374,,,,,,,,
100,24,7.2,-38.92364425,-0.000556478,,,,,,,,
100,24,7.4,-35.53239111,-0.001215083,,,,,,,,
100,24,7.6,-33.35514356,-0.002006182,,,,,,,,
100,24,7.8,-32.42871541,-0.002483344,,,,,,,,
100,24,8,-32.70769172,-0.002328797,,,,,,,,
100,24,8.2,-34.09694094,-0.001691121,,,,,,,,
100,24,8.4,-35.06405367,-0.001353464,,,,,,,,
100,24,8.6,-32.15558816,-0.002644586,,,,,,,,
100,24,8.8,-27.85404634,-0.007124196,,,,,,,,
100,24,9,-24.30173415,-0.016159153,,,,,,,,
100,24,9.2,-21.5451625,-0.030534717,,,,,,,,
100,24,9.4,-19.39457095,-0.050215242,,,,,,,,
100,24,9.6,-17.70495713,-0.074301637,,,,,,,,
100,24,9.8,-16.37815245,-0.101161986,,,,,,,,
100,24,10,-15.34726109,-0.128669554,,,,,,,,
100,27,5,-61.15897239,-43.98332809,,,,,,,,
100,27,5.2,-57.17756747,-35.49173949,,,,,,,,
100,27,5.4,-48.92066153,-23.63565761,,,,,,,,
100,27,5.6,-30.0781209,-0.004267618,,,,,,,,
100,27,5.8,-47.11854725,-8.43E-05,,,,,,,,
100,27,6,-43.56647108,-0.00019105,,,,,,,,
100,27,6.2,-40.92560468,-0.000350947,,,,,,,,
100,27,6.4,-39.26600109,-0.000514292,,,,,,,,
100,27,6.6,-38.04616392,-0.000681086,,,,,,,,
100,27,6.8,-37.14122315,-0.000838888,,,,,,,,
100,27,7,-36.48478859,-0.000975785,,,,,,,,
100,27,7.2,-35.98938248,-0.001093706,,,,,,,,
100,27,7.4,-35.52745626,-0.001216465,,,,,,,,
100,27,7.6,-34.94432497,-0.001391302,,,,,,,,
100,27,7.8,-34.11379479,-0.00168457,,,,,,,,
100,27,8,-33.00638199,-0.002173976,,,,,,,,
100,27,8.2,-31.69456361,-0.002940864,,,,,,,,
100,27,8.4,-30.28858366,-0.004065643,,,,,,,,
100,27,8.6,-28.87730576,-0.005627754,,,,,,,,
100,27,8.8,-27.51155922,-0.00770928,,,,,,,,
100,27,9,-26.21300819,-0.010399282,,,,,,,,
100,27,9.2,-24.98764013,-0.013794623,,,,,,,,
100,27,9.4,-23.83592588,-0.01799248,,,,,,,,
100,27,9.6,-22.75876854,-0.023070685,,,,,,,,
100,27,9.8,-21.76009405,-0.0290554,,,,,,,,
100,27,10,-20.8470562,-0.035881578,,,,,,,,
120,15,5,-54.33370836,-187.3265578,,,,,,,,
120,15,5.2,-54.35828254,-184.6952517,,,,,,,,
120,15,5.4,-54.37309706,-181.9233217,,,,,,,,
120,15,5.6,-54.37591766,-179.0046021,,,,,,,,
120,15,5.8,-54.36416575,-175.9321788,,,,,,,,
120,15,6,-54.33486905,-172.6982654,,,,,,,,
120,15,6.2,-54.2846068,-169.2940517,,,,,,,,
120,15,6.4,-54.20944977,-165.709515,,,,,,,,
120,15,6.6,-54.10489539,-161.9331832,,,,,,,,
120,15,6.8,-53.96579906,-157.951835,,,,,,,,
120,15,7,-53.78630323,-153.7501125,,,,,,,,
120,15,7.2,-53.55976726,-149.3100161,,,,,,,,
120,15,7.4,-53.27870283,-144.6102323,,,,,,,,
120,15,7.6,-52.93472411,-139.625223,,,,,,,,
120,15,7.8,-52.51853009,-134.3239622,,,,,,,,
120,15,8,-52.01995599,-128.6681388,,,,,,,,
120,15,8.2,-51.42817675,-122.6095182,,,,,,,,
120,15,8.4,-50.73226152,-116.0859252,,,,,,,,
120,15,8.6,-49.92259061,-109.0148465,,,,,,,,
120,15,8.8,-48.99456572,-101.2826577,,,,,,,,
120,15,9,-47.95911592,-92.72513283,,,,,,,,
120,15,9.2,-46.87683787,-83.08864025,,,,,,,,
120,15,9.4,-45.99890692,-71.94164809,,,,,,,,
120,15,9.6,-46.72462027,-58.42542166,,,,,,,,
120,15,9.8,-47.68323786,-40.20854335,,,,,,,,
120,15,10,-2.909068643,-3.113947337,,,,,,,,
120,18,5,-61.03911553,-143.5891682,,,,,,,,
120,18,5.2,-61.05952709,-140.22549,,,,,,,,
120,18,5.4,-61.06439187,-136.6429338,,,,,,,,
120,18,5.6,-61.04873585,-132.8239833,,,,,,,,
120,18,5.8,-61.00602535,-128.7478265,,,,,,,,
120,18,6,-60.9275397,-124.3894337,,,,,,,,
120,18,6.2,-60.80143479,-119.7182713,,,,,,,,
120,18,6.4,-60.61132349,-114.6964546,,,,,,,,
120,18,6.6,-60.3340966,-109.2760115,,,,,,,,
120,18,6.8,-59.9365537,-103.3946656,,,,,,,,
120,18,7,-59.37020589,-96.9690244,,,,,,,,
120,18,7.2,-58.56341924,-89.88289281,,,,,,,,
120,18,7.4,-57.41021279,-81.96561506,,,,,,,,
120,18,7.6,-55.7568579,-72.94748288,,,,,,,,
120,18,7.8,-53.39832701,-62.35284024,,,,,,,,
120,18,8,-50.19361642,-49.17226724,,,,,,,,
120,18,8.2,-49.74417502,-30.18286786,,,,,,,,
120,18,8.4,-16.63454604,-0.095298468,,,,,,,,
120,18,8.6,-24.37823448,-0.015876488,,,,,,,,
120,18,8.8,-15.22257667,-0.132474885,,,,,,,,
120,18,9,-12.71693458,-0.238767116,,,,,,,,
120,18,9.2,-12.07601462,-0.277976143,,,,,,,,
120,18,9.4,-12.57493879,-0.246932678,,,,,,,,
120,18,9.6,-14.21513097,-0.167737866,,,,,,,,
120,18,9.8,-17.5201767,-0.077560193,,,,,,,,
120,18,10,-23.87392011,-0.017835437,,,,,,,,
120,21,5,-63.73045199,-111.4468873,,,,,,,,
120,21,5.2,-63.81483804,-106.9741712,,,,,,,,
120,21,5.4,-63.80349685,-102.1219942,,,,,,,,
120,21,5.6,-63.65865662,-96.83379187,,,,,,,,
120,21,5.8,-63.32955319,-91.03412767,,,,,,,,
120,21,6,-62.74589028,-84.61848981,,,,,,,,
120,21,6.2,-61.80376537,-77.43460049,,,,,,,,
120,21,6.4,-60.33013164,-69.24455212,,,,,,,,
120,21,6.6,-57.97823802,-59.63619388,,,,,,,,
120,21,6.8,-53.85058538,-47.76232065,,,,,,,,
120,21,7,-44.4531907,-31.13242935,,,,,,,,
120,21,7.2,-22.36942218,-0.025240824,,,,,,,,
120,21,7.4,-47.580388,-7.58E-05,,,,,,,,
120,21,7.6,-41.0208577,-0.000343333,,,,,,,,
120,21,7.8,-41.21153712,-0.000328584,,,,,,,,
120,21,8,-41.72807482,-0.000291737,,,,,,,,
120,21,8.2,-40.80162155,-0.000361111,,,,,,,,
120,21,8.4,-39.18916592,-0.000523473,,,,,,,,
120,21,8.6,-36.53615409,-0.000964311,,,,,,,,
120,21,8.8,-33.32987518,-0.002017891,,,,,,,,
120,21,9,-30.52670304,-0.003848632,,,,,,,,
120,21,9.2,-28.42502716,-0.006245883,,,,,,,,
120,21,9.4,-26.98302853,-0.008707967,,,,,,,,
120,21,9.6,-26.07779016,-0.010728564,,,,,,,,
120,21,9.8,-25.56105931,-0.012085999,,,,,,,,
120,21,10,-25.25554159,-0.012968161,,,,,,,,
120,24,5,-66.72217603,-81.79924385,,,,,,,,
120,24,5.2,-66.24230088,-75.62599267,,,,,,,,
120,24,5.4,-65.32556413,-68.62809998,,,,,,,,
120,24,5.6,-63.65937246,-60.52070622,,,,,,,,
120,24,5.8,-60.59118698,-50.77575307,,,,,,,,
120,24,6,-54.37185306,-38.15952689,,,,,,,,
120,24,6.2,-35.56232866,-17.22840229,,,,,,,,
120,24,6.4,-34.29182432,-0.001616898,,,,,,,,
120,24,6.6,-44.59512374,-0.000150758,,,,,,,,
120,24,6.8,-40.91298059,-0.000351969,,,,,,,,
120,24,7,-38.74219973,-0.000580221,,,,,,,,
120,24,7.2,-37.24763845,-0.00081858,,,,,,,,
120,24,7.4,-35.64747353,-0.001183303,,,,,,,,
120,24,7.6,-33.88580111,-0.001775387,,,,,,,,
120,24,7.8,-32.26456684,-0.002579031,,,,,,,,
120,24,8,-30.99347583,-0.003456285,,,,,,,,
120,24,8.2,-30.11105545,-0.004235362,,,,,,,,
120,24,8.4,-29.54714876,-0.004822926,,,,,,,,
120,24,8.6,-29.16790494,-0.005263286,,,,,,,,
120,24,8.8,-28.81171003,-0.005713457,,,,,,,,
120,24,9,-28.34686874,-0.006359389,,,,,,,,
120,24,9.2,-27.73186425,-0.007327642,,,,,,,,
120,24,9.4,-27.01751121,-0.008639032,,,,,,,,
120,24,9.6,-26.28773345,-0.010221672,,,,,,,,
120,24,9.8,-25.60193534,-0.011972622,,,,,,,,
120,24,10,-24.97250601,-0.013842855,,,,,,,,
120,27,5,-65.96265953,-52.77415727,,,,,,,,
120,27,5.2,-61.89324933,-42.57742992,,,,,,,,
120,27,5.4,-53.1656211,-28.33436683,,,,,,,,
120,27,5.6,-29.85910064,-0.004488473,,,,,,,,
120,27,5.8,-44.24935634,-0.000163251,,,,,,,,
120,27,6,-46.05279121,-0.000107773,,,,,,,,
120,27,6.2,-44.75892619,-0.000145177,,,,,,,,
120,27,6.4,-44.27036231,-0.000162464,,,,,,,,
120,27,6.6,-45.05180379,-0.00013571,,,,,,,,
120,27,6.8,-47.18830458,-8.30E-05,,,,,,,,
120,27,7,-50.96172129,-3.48E-05,,,,,,,,
120,27,7.2,-56.51563756,-9.69E-06,,,,,,,,
120,27,7.4,-56.15451142,-1.05E-05,,,,,,,,
120,27,7.6,-50.79627082,-3.62E-05,,,,,,,,
120,27,7.8,-46.5986004,-9.50E-05,,,,,,,,
120,27,8,-43.04312977,-0.000215517,,,,,,,,
120,27,8.2,-39.8146991,-0.000453249,,,,,,,,
120,27,8.4,-36.8581496,-0.000895394,,,,,,,,
120,27,8.6,-34.18797427,-0.001656036,,,,,,,,
120,27,8.8,-31.81947914,-0.002857454,,,,,,,,
120,27,9,-29.75572661,-0.00459665,,,,,,,,
120,27,9.2,-27.99083276,-0.006903131,,,,,,,,
120,27,9.4,-26.51558096,-0.009698645,,,,,,,,
120,27,9.6,-25.3217846,-0.01277157,,,,,,,,
120,27,9.8,-24.4050717,-0.015778504,,,,,,,,
120,27,10,-23.76652879,-0.018282907,,,,,,,,
140,15,5,-47.62260467,-215.6048311,,,,,,,,
140,15,5.2,-47.73524962,-212.5641387,,,,,,,,
140,15,5.4,-47.84940156,-209.3612394,,,,,,,,
140,15,5.6,-47.96416008,-205.9890216,,,,,,,,
140,15,5.8,-48.07839697,-202.4395047,,,,,,,,
140,15,6,-48.19069764,-198.7036953,,,,,,,,
140,15,6.2,-48.29928644,-194.7714105,,,,,,,,
140,15,6.4,-48.40193136,-190.6310585,,,,,,,,
140,15,6.6,-48.49582208,-186.2693631,,,,,,,,
140,15,6.8,-48.57741385,-181.6710141,,,,,,,,
140,15,7,-48.64222765,-176.818216,,,,,,,,
140,15,7.2,-48.68459465,-171.6900989,,,,,,,,
140,15,7.4,-48.69733048,-166.2619341,,,,,,,,
140,15,7.6,-48.67132174,-160.5040696,,,,,,,,
140,15,7.8,-48.59500403,-154.3804527,,,,,,,,
140,15,8,-48.45370694,-147.8465243,,,,,,,,
140,15,8.2,-48.22883425,-140.8461228,,,,,,,,
140,15,8.4,-47.89683055,-133.3067597,,,,,,,,
140,15,8.6,-47.42783792,-125.1320765,,,,,,,,
140,15,8.8,-46.78381448,-116.1890977,,,,,,,,
140,15,9,-45.91552936,-106.2850665,,,,,,,,
140,15,9.2,-44.75689592,-95.12102918,,,,,,,,
140,15,9.4,-43.21272813,-82.18495376,,,,,,,,
140,15,9.6,-41.13536958,-66.44552204,,,,,,,,
140,15,9.8,-38.56551494,-45.01627347,,,,,,,,
140,15,10,-1.345223949,-5.745161287,,,,,,,,
140,18,5,-57.07836639,-168.3413823,,,,,,,,
140,18,5.2,-57.09988317,-164.3907643,,,,,,,,
140,18,5.4,-57.09969502,-160.1843844,,,,,,,,
140,18,5.6,-57.0715248,-155.7019105,,,,,,,,
140,18,5.8,-57.00751955,-150.9191821,,,,,,,,
140,18,6,-56.89781007,-145.8071418,,,,,,,,
140,18,6.2,-56.72993537,-140.3303434,,,,,,,,
140,18,6.4,-56.48808547,-134.4448122,,,,,,,,
140,18,6.6,-56.15209463,-128.0948782,,,,,,,,
140,18,6.8,-55.69607945,-121.2082998,,,,,,,,
140,18,7,-55.08654731,-113.6883972,,,,,,,,
140,18,7.2,-54.27968217,-105.400578,,,,,,,,
140,18,7.4,-53.21740599,-96.14741604,,,,,,,,
140,18,7.6,-51.82253085,-85.61748759,,,,,,,,
140,18,7.8,-50.00263182,-73.26323553,,,,,,,,
140,18,8,-47.78726401,-57.92910542,,,,,,,,
140,18,8.2,-50.16582177,-35.98005069,,,,,,,,
140,18,8.4,-14.03915169,-0.174815772,,,,,,,,
140,18,8.6,-19.39442361,-0.050216955,,,,,,,,
140,18,8.8,-18.55463346,-0.061005313,,,,,,,,
140,18,9,-18.45944839,-0.06236689,,,,,,,,
140,18,9.2,-18.72122756,-0.058693897,,,,,,,,
140,18,9.4,-18.4912227,-0.061909004,,,,,,,,
140,18,9.6,-17.21989696,-0.08316609,,,,,,,,
140,18,9.8,-15.4528819,-0.125532925,,,,,,,,
140,18,10,-13.89866251,-0.180684528,,,,,,,,
140,21,5,-68.09627679,-129.9642145,,,,,,,,
140,21,5.2,-67.90485016,-124.7514523,,,,,,,,
140,21,5.4,-67.61017727,-119.096102,,,,,,,,
140,21,5.6,-67.17419139,-112.9321553,,,,,,,,
140,21,5.8,-66.54156814,-106.1715873,,,,,,,,
140,21,6,-65.62896862,-98.69245534,,,,,,,,
140,21,6.2,-64.30488064,-90.31710009,,,,,,,,
140,21,6.4,-62.34790395,-80.76798921,,,,,,,,
140,21,6.6,-59.34594618,-69.56438879,,,,,,,,
140,21,6.8,-54.3787355,-55.71830175,,,,,,,,
140,21,7,-44.29365271,-36.32648749,,,,,,,,
140,21,7.2,-26.8390334,-0.009001834,,,,,,,,
140,21,7.4,-34.30691809,-0.001611288,,,,,,,,
140,21,7.6,-45.64024311,-0.000118513,,,,,,,,
140,21,7.8,-52.41955285,-2.49E-05,,,,,,,,
140,21,8,-53.33131149,-2.02E-05,,,,,,,,
140,21,8.2,-42.93429646,-0.000220986,,,,,,,,
140,21,8.4,-40.74824896,-0.000365576,,,,,,,,
140,21,8.6,-42.56577043,-0.000240558,,,,,,,,
140,21,8.8,-45.63190907,-0.000118741,,,,,,,,
140,21,9,-40.14006348,-0.000420532,,,,,,,,
140,21,9.2,-35.50281828,-0.001223386,,,,,,,,
140,21,9.4,-32.90154272,-0.002227109,,,,,,,,
140,21,9.6,-31.47619089,-0.003092572,,,,,,,,
140,21,9.8,-30.68735512,-0.003708807,,,,,,,,
140,21,10,-30.17087256,-0.004177399,,,,,,,,
140,24,5,-65.49726673,-95.46839683,,,,,,,,
140,24,5.2,-64.84756715,-88.2655874,,,,,,,,
140,24,5.4,-63.73201757,-80.1021157,,,,,,,,
140,24,5.6,-61.84040347,-70.64653243,,,,,,,,
140,24,5.8,-58.52739904,-59.28476606,,,,,,,,
140,24,6,-52.10514795,-44.58392207,,,,,,,,
140,24,6.2,-33.55400782,-20.25615213,,,,,,,,
140,24,6.4,-42.13428167,-0.000265686,,,,,,,,
140,24,6.6,-34.93747401,-0.001393499,,,,,,,,
140,24,6.8,-35.07191575,-0.001351015,,,,,,,,
140,24,7,-35.75850978,-0.001153429,,,,,,,,
140,24,7.2,-36.07038706,-0.001073493,,,,,,,,
140,24,7.4,-35.18608227,-0.001315958,,,,,,,,
140,24,7.6,-33.25552582,-0.002052742,,,,,,,,
140,24,7.8,-31.2548479,-0.003254335,,,,,,,,
140,24,8,-29.72523278,-0.004629056,,,,,,,,
140,24,8.2,-28.82289707,-0.005698749,,,,,,,,
140,24,8.4,-28.59194524,-0.006010219,,,,,,,,
140,24,8.6,-29.04854822,-0.005410034,,,,,,,,
140,24,8.8,-30.16463641,-0.004183404,,,,,,,,
140,24,9,-31.79329797,-0.002874738,,,,,,,,
140,24,9.2,-33.63653784,-0.001880289,,,,,,,,
140,24,9.4,-35.49281502,-0.001226208,,,,,,,,
140,24,9.6,-36.89937837,-0.000886933,,,,,,,,
140,24,9.8,-34.85057456,-0.001421667,,,,,,,,
140,24,10,-30.18366831,-0.004165103,,,,,,,,
140,27,5,-64.63925233,-61.53162468,,,,,,,,
140,27,5.2,-61.38182738,-49.63108311,,,,,,,,
140,27,5.4,-53.6630916,-32.99888397,,,,,,,,
140,27,5.6,-33.21526972,-0.002071862,,,,,,,,
140,27,5.8,-45.04215099,-0.000136012,,,,,,,,
140,27,6,-43.56309983,-0.000191198,,,,,,,,
140,27,6.2,-43.26002703,-0.000205018,,,,,,,,
140,27,6.4,-44.52426378,-0.000153238,,,,,,,,
140,27,6.6,-48.29060854,-6.44E-05,,,,,,,,
140,27,6.8,-54.31903423,-1.61E-05,,,,,,,,
140,27,7,-49.16423466,-5.26E-05,,,,,,,,
140,27,7.2,-44.3025838,-0.000161263,,,,,,,,
140,27,7.4,-41.62701966,-0.000298605,,,,,,,,
140,27,7.6,-40.12909676,-0.000421595,,,,,,,,
140,27,7.8,-39.39437742,-0.000499311,,,,,,,,
140,27,8,-39.28919144,-0.000511553,,,,,,,,
140,27,8.2,-39.84991835,-0.000449588,,,,,,,,
140,27,8.4,-41.2768575,-0.000323679,,,,,,,,
140,27,8.6,-44.12516506,-0.000167987,,,,,,,,
140,27,8.8,-50.5490301,-3.83E-05,,,,,,,,
140,27,9,-59.00468521,-5.46E-06,,,,,,,,
140,27,9.2,-45.12229262,-0.000133525,,,,,,,,
140,27,9.4,-40.10902375,-0.000423548,,,,,,,,
140,27,9.6,-37.59823737,-0.000755089,,,,,,,,
140,27,9.8,-36.75981511,-0.000915901,,,,,,,,
140,27,10,-37.53144971,-0.000766792,,,,,,,,
